INSERT INTO HOSPEDE(CPF_HOSPEDE, NOME_HOSPEDE)
VALUES ('28469531247', 'ANA');
INSERT INTO HOSPEDE(CPF_HOSPEDE, NOME_HOSPEDE)
VALUES ('56973142806', 'PEDRO');
INSERT INTO HOSPEDE(CPF_HOSPEDE, NOME_HOSPEDE)
VALUES ('81324795602', 'MARIA');
INSERT INTO HOSPEDE(CPF_HOSPEDE, NOME_HOSPEDE)
VALUES ('81322245602', 'JOÃO');
INSERT INTO HOSPEDE(CPF_HOSPEDE, NOME_HOSPEDE)
VALUES ('17539682400', 'CARLA');
INSERT INTO HOSPEDE(CPF_HOSPEDE, NOME_HOSPEDE)
VALUES ('42086537198', 'LUCAS');
INSERT INTO HOSPEDE(CPF_HOSPEDE, NOME_HOSPEDE)
VALUES ('93725810643', 'JULIA');
INSERT INTO HOSPEDE(CPF_HOSPEDE, NOME_HOSPEDE)
VALUES ('65841372905', 'MATEUS');
INSERT INTO HOSPEDE(CPF_HOSPEDE, NOME_HOSPEDE)
VALUES ('82047319685', 'ANTONIO');
INSERT INTO HOSPEDE(CPF_HOSPEDE, NOME_HOSPEDE)
VALUES ('36429751800', 'AMANDA');

INSERT INTO HOTEL(COD_HOTEL, NUM_HOTEL, CEP_HOTEL)
VALUES (SEQ_HOTEL.nextval, 1, '12345678');
INSERT INTO HOTEL(COD_HOTEL, NUM_HOTEL, CEP_HOTEL)
VALUES (SEQ_HOTEL.nextval, 2, '87654321');
INSERT INTO HOTEL(COD_HOTEL, NUM_HOTEL, CEP_HOTEL)
VALUES (SEQ_HOTEL.nextval, 3, '23456789');
INSERT INTO HOTEL(COD_HOTEL, NUM_HOTEL, CEP_HOTEL)
VALUES (SEQ_HOTEL.nextval, 4, '98765432');
INSERT INTO HOTEL(COD_HOTEL, NUM_HOTEL, CEP_HOTEL)
VALUES (SEQ_HOTEL.nextval, 5, '34567891');
INSERT INTO HOTEL(COD_HOTEL, NUM_HOTEL, CEP_HOTEL)
VALUES (SEQ_HOTEL.nextval, 6, '87651234');
INSERT INTO HOTEL(COD_HOTEL, NUM_HOTEL, CEP_HOTEL)
VALUES (SEQ_HOTEL.nextval, 7, '45678901');
INSERT INTO HOTEL(COD_HOTEL, NUM_HOTEL, CEP_HOTEL)
VALUES (SEQ_HOTEL.nextval, 8, '98764321');
INSERT INTO HOTEL(COD_HOTEL, NUM_HOTEL, CEP_HOTEL)
VALUES (SEQ_HOTEL.nextval, 9, '56781234');
INSERT INTO HOTEL(COD_HOTEL, NUM_HOTEL, CEP_HOTEL)
VALUES (SEQ_HOTEL.nextval, 10, '98762134');
INSERT INTO HOTEL(COD_HOTEL, NUM_HOTEL, CEP_HOTEL)
VALUES (SEQ_HOTEL.nextval, 11, '67894512');
INSERT INTO HOTEL(COD_HOTEL, NUM_HOTEL, CEP_HOTEL)
VALUES (SEQ_HOTEL.nextval, 12, '98762345');
INSERT INTO HOTEL(COD_HOTEL, NUM_HOTEL, CEP_HOTEL)
VALUES (SEQ_HOTEL.nextval, 13, '78123456');
INSERT INTO HOTEL(COD_HOTEL, NUM_HOTEL, CEP_HOTEL)
VALUES (SEQ_HOTEL.nextval, 14, '98763412');
INSERT INTO HOTEL(COD_HOTEL, NUM_HOTEL, CEP_HOTEL)
VALUES (SEQ_HOTEL.nextval, 15, '81234567');
INSERT INTO HOTEL(COD_HOTEL, NUM_HOTEL, CEP_HOTEL)
VALUES (SEQ_HOTEL.nextval, 16, '98765432');
INSERT INTO HOTEL(COD_HOTEL, NUM_HOTEL, CEP_HOTEL)
VALUES (SEQ_HOTEL.nextval, 17, '12348765');
INSERT INTO HOTEL(COD_HOTEL, NUM_HOTEL, CEP_HOTEL)
VALUES (SEQ_HOTEL.nextval, 18, '98765123');
INSERT INTO HOTEL(COD_HOTEL, NUM_HOTEL, CEP_HOTEL)
VALUES (SEQ_HOTEL.nextval, 19, '23456789');
INSERT INTO HOTEL(COD_HOTEL, NUM_HOTEL, CEP_HOTEL)
VALUES (SEQ_HOTEL.nextval, 20, '98765412');

INSERT INTO FLAT(COD_HOTEL, NUM_FLAT, STATUS_FLAT)
VALUES (1, 1, 'Ocupado');
INSERT INTO FLAT(COD_HOTEL, NUM_FLAT, STATUS_FLAT)
VALUES (1, 2, 'Disponível');
INSERT INTO FLAT(COD_HOTEL, NUM_FLAT, STATUS_FLAT)
VALUES (1, 3, 'Disponível');
INSERT INTO FLAT(COD_HOTEL, NUM_FLAT, STATUS_FLAT)
VALUES (2, 4, 'Ocupado');
INSERT INTO FLAT(COD_HOTEL, NUM_FLAT, STATUS_FLAT)
VALUES (2, 5, 'Disponível');
INSERT INTO FLAT(COD_HOTEL, NUM_FLAT, STATUS_FLAT)
VALUES (2, 6, 'Ocupado');
INSERT INTO FLAT(COD_HOTEL, NUM_FLAT, STATUS_FLAT)
VALUES (3, 7, 'Disponível');
INSERT INTO FLAT(COD_HOTEL, NUM_FLAT, STATUS_FLAT)
VALUES (3, 8, 'Ocupado');
INSERT INTO FLAT(COD_HOTEL, NUM_FLAT, STATUS_FLAT)
VALUES (3, 9, 'Disponível');
INSERT INTO FLAT(COD_HOTEL, NUM_FLAT, STATUS_FLAT)
VALUES (4, 10, 'Ocupado');
INSERT INTO FLAT(COD_HOTEL, NUM_FLAT, STATUS_FLAT)
VALUES (4, 11, 'Disponível');
INSERT INTO FLAT(COD_HOTEL, NUM_FLAT, STATUS_FLAT)
VALUES (4, 12, 'Ocupado');
INSERT INTO FLAT(COD_HOTEL, NUM_FLAT, STATUS_FLAT)
VALUES (5, 13, 'Disponível');
INSERT INTO FLAT(COD_HOTEL, NUM_FLAT, STATUS_FLAT)
VALUES (5, 14, 'Ocupado');
INSERT INTO FLAT(COD_HOTEL, NUM_FLAT, STATUS_FLAT)
VALUES (6, 15, 'Disponível');
INSERT INTO FLAT(COD_HOTEL, NUM_FLAT, STATUS_FLAT)
VALUES (6, 16, 'Ocupado');
INSERT INTO FLAT(COD_HOTEL, NUM_FLAT, STATUS_FLAT)
VALUES (7, 17, 'Disponível');
INSERT INTO FLAT(COD_HOTEL, NUM_FLAT, STATUS_FLAT)
VALUES (7, 18, 'Ocupado');
INSERT INTO FLAT(COD_HOTEL, NUM_FLAT, STATUS_FLAT)
VALUES (8, 19, 'Disponível');
INSERT INTO FLAT(COD_HOTEL, NUM_FLAT, STATUS_FLAT)
VALUES (8, 20, 'Ocupado');

INSERT INTO SERVICOS_ADICIONAIS(COD_SERVICOS_ADICIONAIS, CUSTO_ADICIONAL)
VALUES ('Café da Manhã Buffet', '200');
INSERT INTO SERVICOS_ADICIONAIS(COD_SERVICOS_ADICIONAIS, CUSTO_ADICIONAL)
VALUES ('Serviço de Quarto', '300');
INSERT INTO SERVICOS_ADICIONAIS(COD_SERVICOS_ADICIONAIS, CUSTO_ADICIONAL)
VALUES ('Lavanderia', '150');
INSERT INTO SERVICOS_ADICIONAIS(COD_SERVICOS_ADICIONAIS, CUSTO_ADICIONAL)
VALUES ('Transferência', '100');
INSERT INTO SERVICOS_ADICIONAIS(COD_SERVICOS_ADICIONAIS, CUSTO_ADICIONAL)
VALUES ('Piscina', '50');
INSERT INTO SERVICOS_ADICIONAIS(COD_SERVICOS_ADICIONAIS, CUSTO_ADICIONAL)
VALUES ('Estacionamento', '50');
INSERT INTO SERVICOS_ADICIONAIS(COD_SERVICOS_ADICIONAIS, CUSTO_ADICIONAL)
VALUES ('Wi-Fi Gratuito', '20');
INSERT INTO SERVICOS_ADICIONAIS(COD_SERVICOS_ADICIONAIS, CUSTO_ADICIONAL)
VALUES ('Concierge', '300');
INSERT INTO SERVICOS_ADICIONAIS(COD_SERVICOS_ADICIONAIS, CUSTO_ADICIONAL)
VALUES ('Spa', '400');
INSERT INTO SERVICOS_ADICIONAIS(COD_SERVICOS_ADICIONAIS, CUSTO_ADICIONAL)
VALUES ('Academia', '200');
INSERT INTO SERVICOS_ADICIONAIS(COD_SERVICOS_ADICIONAIS, CUSTO_ADICIONAL)
VALUES ('Serviço de Babá', '250');
INSERT INTO SERVICOS_ADICIONAIS(COD_SERVICOS_ADICIONAIS, CUSTO_ADICIONAL)
VALUES ('Centro de Negócios', '150');
INSERT INTO SERVICOS_ADICIONAIS(COD_SERVICOS_ADICIONAIS, CUSTO_ADICIONAL)
VALUES ('Cofre', '50');
INSERT INTO SERVICOS_ADICIONAIS(COD_SERVICOS_ADICIONAIS, CUSTO_ADICIONAL)
VALUES ('Jornal Diário', '10');
INSERT INTO SERVICOS_ADICIONAIS(COD_SERVICOS_ADICIONAIS, CUSTO_ADICIONAL)
VALUES ('Serviço de Depósito de Bagagem', '50');
INSERT INTO SERVICOS_ADICIONAIS(COD_SERVICOS_ADICIONAIS, CUSTO_ADICIONAL)
VALUES ('Serviço de despertar', '10');
INSERT INTO SERVICOS_ADICIONAIS(COD_SERVICOS_ADICIONAIS, CUSTO_ADICIONAL)
VALUES ('Bar/Lounge', '100');
INSERT INTO SERVICOS_ADICIONAIS(COD_SERVICOS_ADICIONAIS, CUSTO_ADICIONAL)
VALUES ('Serviço de Shuttle', '200');
INSERT INTO SERVICOS_ADICIONAIS(COD_SERVICOS_ADICIONAIS, CUSTO_ADICIONAL)
VALUES ('Aluguel de Bicicletas', '50');
INSERT INTO SERVICOS_ADICIONAIS(COD_SERVICOS_ADICIONAIS, CUSTO_ADICIONAL)
VALUES ('Serviço de Tour', '300');

INSERT INTO FUNCIONARIO(CPF_FUNCIONARIO, NOME_FUNCIONARIO, CARGO_FUNCIONARIO, CPF_CHEFE, COD_HOTEL)
VALUES ('98765432101', 'João', 'Recepcionista','76543210923', 1);
INSERT INTO FUNCIONARIO(CPF_FUNCIONARIO, NOME_FUNCIONARIO, CARGO_FUNCIONARIO, CPF_CHEFE, COD_HOTEL)
VALUES ('87654321012', 'Maria', 'Ajudante', '76543210923', 1);
INSERT INTO FUNCIONARIO(CPF_FUNCIONARIO, NOME_FUNCIONARIO, CARGO_FUNCIONARIO, COD_HOTEL)
VALUES ('76543210923', 'Pedro', 'Chefe', 1);
INSERT INTO FUNCIONARIO(CPF_FUNCIONARIO, NOME_FUNCIONARIO, CARGO_FUNCIONARIO, CPF_CHEFE, COD_HOTEL)
VALUES ('65432109834', 'Ana', 'Segurança', '76543210923', 1);
INSERT INTO FUNCIONARIO(CPF_FUNCIONARIO, NOME_FUNCIONARIO, CARGO_FUNCIONARIO, CPF_CHEFE, COD_HOTEL)
VALUES ('54321098745', 'Carlos', 'Recepcionista', '76543210923', 1);
INSERT INTO FUNCIONARIO(CPF_FUNCIONARIO, NOME_FUNCIONARIO, CARGO_FUNCIONARIO, CPF_CHEFE, COD_HOTEL)
VALUES ('43210987656', 'Mariana', 'Recepcionista', '76543210923', 1);
INSERT INTO FUNCIONARIO(CPF_FUNCIONARIO, NOME_FUNCIONARIO, CARGO_FUNCIONARIO, CPF_CHEFE, COD_HOTEL)
VALUES ('32109876567', 'José', 'Ajudante', '10987654389', 2);
INSERT INTO FUNCIONARIO(CPF_FUNCIONARIO, NOME_FUNCIONARIO, CARGO_FUNCIONARIO, CPF_CHEFE, COD_HOTEL)
VALUES ('21098765478', 'Marta', 'Recepcionista', '10987654389', 2);
INSERT INTO FUNCIONARIO(CPF_FUNCIONARIO, NOME_FUNCIONARIO, CARGO_FUNCIONARIO, COD_HOTEL)
VALUES ('10987654389', 'André', 'Chefe', 2);
INSERT INTO FUNCIONARIO(CPF_FUNCIONARIO, NOME_FUNCIONARIO, CARGO_FUNCIONARIO, CPF_CHEFE, COD_HOTEL)
VALUES ('98765432110', 'Sofia', 'Recepcionista', '10987654389', 2);
INSERT INTO FUNCIONARIO(CPF_FUNCIONARIO, NOME_FUNCIONARIO, CARGO_FUNCIONARIO, CPF_CHEFE, COD_HOTEL)
VALUES ('87654321021', 'Rafael', 'Ajudante', '10987654389', 2);
INSERT INTO FUNCIONARIO(CPF_FUNCIONARIO, NOME_FUNCIONARIO, CARGO_FUNCIONARIO, CPF_CHEFE, COD_HOTEL)
VALUES ('76543210932', 'Carolina', 'Recepcionista', '10987654389', 2);
INSERT INTO FUNCIONARIO(CPF_FUNCIONARIO, NOME_FUNCIONARIO, CARGO_FUNCIONARIO, CPF_CHEFE, COD_HOTEL)
VALUES ('65432109843', 'Daniel', 'Ajudante', '87654321022', 3);
INSERT INTO FUNCIONARIO(CPF_FUNCIONARIO, NOME_FUNCIONARIO, CARGO_FUNCIONARIO, CPF_CHEFE, COD_HOTEL)
VALUES ('54321098754', 'Laura', 'Recepcionista', '87654321022', 3);
INSERT INTO FUNCIONARIO(CPF_FUNCIONARIO, NOME_FUNCIONARIO, CARGO_FUNCIONARIO, CPF_CHEFE, COD_HOTEL)
VALUES ('43210987665', 'Tiago', 'Zelador', '87654321022', 3);
INSERT INTO FUNCIONARIO(CPF_FUNCIONARIO, NOME_FUNCIONARIO, CARGO_FUNCIONARIO, CPF_CHEFE, COD_HOTEL)
VALUES ('32109876576', 'Beatriz', 'Zelador', '87654321022', 3);
INSERT INTO FUNCIONARIO(CPF_FUNCIONARIO, NOME_FUNCIONARIO, CARGO_FUNCIONARIO, CPF_CHEFE, COD_HOTEL)
VALUES ('21098765487', 'Hugo', 'Recepcionista', '87654321022', 3);
INSERT INTO FUNCIONARIO(CPF_FUNCIONARIO, NOME_FUNCIONARIO, CARGO_FUNCIONARIO, CPF_CHEFE, COD_HOTEL)
VALUES ('10987654398', 'Carla', 'Ajudante', '87654321022', 3);
INSERT INTO FUNCIONARIO(CPF_FUNCIONARIO, NOME_FUNCIONARIO, CARGO_FUNCIONARIO, CPF_CHEFE, COD_HOTEL)
VALUES ('98765432111', 'Guilherme', 'Recepcionista', '87654321022', 3);
INSERT INTO FUNCIONARIO(CPF_FUNCIONARIO, NOME_FUNCIONARIO, CARGO_FUNCIONARIO, COD_HOTEL)
VALUES ('87654321022', 'Isabel', 'Chefe', 3);

INSERT INTO CRACHA(MAT_CRACHA, DT_EMISSAO_CRACHA, CPF_FUNCIONARIO)
VALUES (SEQ_CRACHA.nextval, 01/01/1980, '98765432101');
INSERT INTO CRACHA(MAT_CRACHA, DT_EMISSAO_CRACHA, CPF_FUNCIONARIO)
VALUES (SEQ_CRACHA.nextval, 02/02/1981, '87654321012');
INSERT INTO CRACHA(MAT_CRACHA, DT_EMISSAO_CRACHA, CPF_FUNCIONARIO)
VALUES (SEQ_CRACHA.nextval, 03/03/1982, '76543210923');
INSERT INTO CRACHA(MAT_CRACHA, DT_EMISSAO_CRACHA, CPF_FUNCIONARIO)
VALUES (SEQ_CRACHA.nextval, 04/04/1983, '65432109834');
INSERT INTO CRACHA(MAT_CRACHA, DT_EMISSAO_CRACHA, CPF_FUNCIONARIO)
VALUES (SEQ_CRACHA.nextval, 05/05/1984, '54321098745');
INSERT INTO CRACHA(MAT_CRACHA, DT_EMISSAO_CRACHA, CPF_FUNCIONARIO)
VALUES (SEQ_CRACHA.nextval, 06/06/1985, '43210987656');
INSERT INTO CRACHA(MAT_CRACHA, DT_EMISSAO_CRACHA, CPF_FUNCIONARIO)
VALUES (SEQ_CRACHA.nextval, 07/07/1986, '32109876567');
INSERT INTO CRACHA(MAT_CRACHA, DT_EMISSAO_CRACHA, CPF_FUNCIONARIO)
VALUES (SEQ_CRACHA.nextval, 08/08/1987, '21098765478');
INSERT INTO CRACHA(MAT_CRACHA, DT_EMISSAO_CRACHA, CPF_FUNCIONARIO)
VALUES (SEQ_CRACHA.nextval, 09/09/1988, '10987654389');
INSERT INTO CRACHA(MAT_CRACHA, DT_EMISSAO_CRACHA, CPF_FUNCIONARIO)
VALUES (SEQ_CRACHA.nextval, 10/10/1989, '98765432110');
INSERT INTO CRACHA(MAT_CRACHA, DT_EMISSAO_CRACHA, CPF_FUNCIONARIO)
VALUES (SEQ_CRACHA.nextval, 11/11/1990, '87654321021');
INSERT INTO CRACHA(MAT_CRACHA, DT_EMISSAO_CRACHA, CPF_FUNCIONARIO)
VALUES (SEQ_CRACHA.nextval, 12/12/1991, '76543210932');
INSERT INTO CRACHA(MAT_CRACHA, DT_EMISSAO_CRACHA, CPF_FUNCIONARIO)
VALUES (SEQ_CRACHA.nextval, 13/01/1992, '65432109843');
INSERT INTO CRACHA(MAT_CRACHA, DT_EMISSAO_CRACHA, CPF_FUNCIONARIO)
VALUES (SEQ_CRACHA.nextval, 14/02/1993, '54321098754');
INSERT INTO CRACHA(MAT_CRACHA, DT_EMISSAO_CRACHA, CPF_FUNCIONARIO)
VALUES (SEQ_CRACHA.nextval, 15/03/1994, '43210987665');
INSERT INTO CRACHA(MAT_CRACHA, DT_EMISSAO_CRACHA, CPF_FUNCIONARIO)
VALUES (SEQ_CRACHA.nextval, 16/04/1995, '32109876576');
INSERT INTO CRACHA(MAT_CRACHA, DT_EMISSAO_CRACHA, CPF_FUNCIONARIO)
VALUES (SEQ_CRACHA.nextval, 17/05/1996, '21098765487');
INSERT INTO CRACHA(MAT_CRACHA, DT_EMISSAO_CRACHA, CPF_FUNCIONARIO)
VALUES (SEQ_CRACHA.nextval, 18/06/1997, '10987654398');
INSERT INTO CRACHA(MAT_CRACHA, DT_EMISSAO_CRACHA, CPF_FUNCIONARIO)
VALUES (SEQ_CRACHA.nextval, 19/07/1998, '98765432111');
INSERT INTO CRACHA(MAT_CRACHA, DT_EMISSAO_CRACHA, CPF_FUNCIONARIO)
VALUES (SEQ_CRACHA.nextval, 20/08/1999, '87654321022');

INSERT INTO PROMOCAO(COD_PROMOCAO, DESCONTO)
VALUES (SEQ_PROMOCAO.nextval, '100')
INSERT INTO PROMOCAO(COD_PROMOCAO, DESCONTO)
VALUES (SEQ_PROMOCAO.nextval, '45')
INSERT INTO PROMOCAO(COD_PROMOCAO, DESCONTO)
VALUES (SEQ_PROMOCAO.nextval, '12')
INSERT INTO PROMOCAO(COD_PROMOCAO, DESCONTO)
VALUES (SEQ_PROMOCAO.nextval, '77')
INSERT INTO PROMOCAO(COD_PROMOCAO, DESCONTO)
VALUES (SEQ_PROMOCAO.nextval, '34')
INSERT INTO PROMOCAO(COD_PROMOCAO, DESCONTO)
VALUES (SEQ_PROMOCAO.nextval, '56')
INSERT INTO PROMOCAO(COD_PROMOCAO, DESCONTO)
VALUES (SEQ_PROMOCAO.nextval, '8')
INSERT INTO PROMOCAO(COD_PROMOCAO, DESCONTO)
VALUES (SEQ_PROMOCAO.nextval, '62')
INSERT INTO PROMOCAO(COD_PROMOCAO, DESCONTO)
VALUES (SEQ_PROMOCAO.nextval, '19')
INSERT INTO PROMOCAO(COD_PROMOCAO, DESCONTO)
VALUES (SEQ_PROMOCAO.nextval, '73')
INSERT INTO PROMOCAO(COD_PROMOCAO, DESCONTO)
VALUES (SEQ_PROMOCAO.nextval, '28')
INSERT INTO PROMOCAO(COD_PROMOCAO, DESCONTO)
VALUES (SEQ_PROMOCAO.nextval, '51')
INSERT INTO PROMOCAO(COD_PROMOCAO, DESCONTO)
VALUES (SEQ_PROMOCAO.nextval, '5')
INSERT INTO PROMOCAO(COD_PROMOCAO, DESCONTO)
VALUES (SEQ_PROMOCAO.nextval, '67')
INSERT INTO PROMOCAO(COD_PROMOCAO, DESCONTO)
VALUES (SEQ_PROMOCAO.nextval, '39')
INSERT INTO PROMOCAO(COD_PROMOCAO, DESCONTO)
VALUES (SEQ_PROMOCAO.nextval, '14')
INSERT INTO PROMOCAO(COD_PROMOCAO, DESCONTO)
VALUES (SEQ_PROMOCAO.nextval, '71')
INSERT INTO PROMOCAO(COD_PROMOCAO, DESCONTO)
VALUES (SEQ_PROMOCAO.nextval, '32')
INSERT INTO PROMOCAO(COD_PROMOCAO, DESCONTO)
VALUES (SEQ_PROMOCAO.nextval, '60')
INSERT INTO PROMOCAO(COD_PROMOCAO, DESCONTO)
VALUES (SEQ_PROMOCAO.nextval, '25')

INSERT INTO TELEFONE_HOSPEDES(CPF_HOSPEDE, NUM_TELEFONE_HOSPEDE)
VALUES ('28469531247', '081972581439')
INSERT INTO TELEFONE_HOSPEDES(CPF_HOSPEDE, NUM_TELEFONE_HOSPEDE)
VALUES ('28469531247', '081936904285')
INSERT INTO TELEFONE_HOSPEDES(CPF_HOSPEDE, NUM_TELEFONE_HOSPEDE)
VALUES ('28469531247', '081950893726')
INSERT INTO TELEFONE_HOSPEDES(CPF_HOSPEDE, NUM_TELEFONE_HOSPEDE)
VALUES ('28469531247', '081961742083')
INSERT INTO TELEFONE_HOSPEDES(CPF_HOSPEDE, NUM_TELEFONE_HOSPEDE)
VALUES ('56973142806', '081989436501')
INSERT INTO TELEFONE_HOSPEDES(CPF_HOSPEDE, NUM_TELEFONE_HOSPEDE)
VALUES ('56973142806', '081913285790')
INSERT INTO TELEFONE_HOSPEDES(CPF_HOSPEDE, NUM_TELEFONE_HOSPEDE)
VALUES ('81324795602', '081946029875')
INSERT INTO TELEFONE_HOSPEDES(CPF_HOSPEDE, NUM_TELEFONE_HOSPEDE)
VALUES ('81324795602', '081998357204')
INSERT INTO TELEFONE_HOSPEDES(CPF_HOSPEDE, NUM_TELEFONE_HOSPEDE)
VALUES ('81324795602', '081924780963')
INSERT INTO TELEFONE_HOSPEDES(CPF_HOSPEDE, NUM_TELEFONE_HOSPEDE)
VALUES ('65841372905', '081924780963')

INSERT INTO RESPONSAVEL(CPF_HOSPEDE, CONTA_RESPONSAVEL)
VALUES ('58170439265', '1234567890');
INSERT INTO RESPONSAVEL(CPF_HOSPEDE, CONTA_RESPONSAVEL)
VALUES ('92604817351', '9876543210');
INSERT INTO RESPONSAVEL(CPF_HOSPEDE, CONTA_RESPONSAVEL)
VALUES ('73916284050', '2468013579');
INSERT INTO RESPONSAVEL(CPF_HOSPEDE, CONTA_RESPONSAVEL)
VALUES ('10597248361', '1357924680');
INSERT INTO RESPONSAVEL(CPF_HOSPEDE, CONTA_RESPONSAVEL)
VALUES ('48263719504', '8642097531');
INSERT INTO RESPONSAVEL(CPF_HOSPEDE, CONTA_RESPONSAVEL)
VALUES ('25793014678', '5793124680');
INSERT INTO RESPONSAVEL(CPF_HOSPEDE, CONTA_RESPONSAVEL)
VALUES ('84061327954', '1029384756');
INSERT INTO RESPONSAVEL(CPF_HOSPEDE, CONTA_RESPONSAVEL)
VALUES ('36524907183', '5678901234');
INSERT INTO RESPONSAVEL(CPF_HOSPEDE, CONTA_RESPONSAVEL)
VALUES ('97402631857', '2345678901');
INSERT INTO RESPONSAVEL(CPF_HOSPEDE, CONTA_RESPONSAVEL)
VALUES ('18735692034', '9012345678');

INSERT INTO HOSPEDAGEM(COD_HOSPEDAGENS, COD_HOTEL, NUM_FLAT, DT_INIC, DT_FIM)
VALUES (SEQ_HOSPEDAGENS.nextval, 1, 1, 01/04/2024, 10/04/2024)
INSERT INTO HOSPEDAGEM(COD_HOSPEDAGENS, COD_HOTEL, NUM_FLAT, DT_INIC, DT_FIM)
VALUES (SEQ_HOSPEDAGENS.nextval, 1, 1, 15/04/2024, 25/04/2024)
INSERT INTO HOSPEDAGEM(COD_HOSPEDAGENS, COD_HOTEL, NUM_FLAT, DT_INIC, DT_FIM)
VALUES (SEQ_HOSPEDAGENS.nextval, 1, 2, 03/05/2024, 13/05/2024)
INSERT INTO HOSPEDAGEM(COD_HOSPEDAGENS, COD_HOTEL, NUM_FLAT, DT_INIC, DT_FIM)
VALUES (SEQ_HOSPEDAGENS.nextval, 2, 4, 20/05/2024, 30/05/2024)
INSERT INTO HOSPEDAGEM(COD_HOSPEDAGENS, COD_HOTEL, NUM_FLAT, DT_INIC, DT_FIM)
VALUES (SEQ_HOSPEDAGENS.nextval, 2, 4, 05/06/2024, 15/06/2024)
INSERT INTO HOSPEDAGEM(COD_HOSPEDAGENS, COD_HOTEL, NUM_FLAT, DT_INIC, DT_FIM)
VALUES (SEQ_HOSPEDAGENS.nextval, 2, 4, 20/06/2024, 30/06/2024)
INSERT INTO HOSPEDAGEM(COD_HOSPEDAGENS, COD_HOTEL, NUM_FLAT, DT_INIC, DT_FIM)
VALUES (SEQ_HOSPEDAGENS.nextval, 3, 6, 08/07/2024, 18/07/2024)
INSERT INTO HOSPEDAGEM(COD_HOSPEDAGENS, COD_HOTEL, NUM_FLAT, DT_INIC, DT_FIM)
VALUES (SEQ_HOSPEDAGENS.nextval, 4, 10, 23/07/2024, 02/08/2024)
INSERT INTO HOSPEDAGEM(COD_HOSPEDAGENS, COD_HOTEL, NUM_FLAT, DT_INIC, DT_FIM)
VALUES (SEQ_HOSPEDAGENS.nextval, 4, 11, 10/08/2024, 20/08/2024)
INSERT INTO HOSPEDAGEM(COD_HOSPEDAGENS, COD_HOTEL, NUM_FLAT, DT_INIC, DT_FIM)
VALUES (SEQ_HOSPEDAGENS.nextval, 5, 15, 25/08/2024, 04/09/2024)

INSERT INTO HOSPEDE_OCUPA_HOSPEDAGEM(CPF_HOSPEDE, COD_HOSPEDAGENS)
VALUES ('28469531247', 1)
INSERT INTO HOSPEDE_OCUPA_HOSPEDAGEM(CPF_HOSPEDE, COD_HOSPEDAGENS)
VALUES ('56973142806', 1)
INSERT INTO HOSPEDE_OCUPA_HOSPEDAGEM(CPF_HOSPEDE, COD_HOSPEDAGENS)
VALUES ('81324795602', 2)
INSERT INTO HOSPEDE_OCUPA_HOSPEDAGEM(CPF_HOSPEDE, COD_HOSPEDAGENS)
VALUES ('81324795602', 3)
INSERT INTO HOSPEDE_OCUPA_HOSPEDAGEM(CPF_HOSPEDE, COD_HOSPEDAGENS)
VALUES ('65841372905', 4)
INSERT INTO HOSPEDE_OCUPA_HOSPEDAGEM(CPF_HOSPEDE, COD_HOSPEDAGENS)
VALUES ('36429751800', 5)
INSERT INTO HOSPEDE_OCUPA_HOSPEDAGEM(CPF_HOSPEDE, COD_HOSPEDAGENS)
VALUES ('28469531247', 6)
INSERT INTO HOSPEDE_OCUPA_HOSPEDAGEM(CPF_HOSPEDE, COD_HOSPEDAGENS)
VALUES ('81322245602', 7)
INSERT INTO HOSPEDE_OCUPA_HOSPEDAGEM(CPF_HOSPEDE, COD_HOSPEDAGENS)
VALUES ('17539682400', 8)
INSERT INTO HOSPEDE_OCUPA_HOSPEDAGEM(CPF_HOSPEDE, COD_HOSPEDAGENS)
VALUES ('42086537198', 8)

INSERT INTO PEDE(CPF_HOSPEDE, COD_SERVICOS_ADICIONAIS, INSTANTE, CPF_FUNCIONARIO)
VALUES ('58170439265', 1, SYSDATE, '87654321012')
INSERT INTO PEDE(CPF_HOSPEDE, COD_SERVICOS_ADICIONAIS, INSTANTE, CPF_FUNCIONARIO)
VALUES ('92604817351', 1, SYSDATE, '87654321021')
INSERT INTO PEDE(CPF_HOSPEDE, COD_SERVICOS_ADICIONAIS, INSTANTE, CPF_FUNCIONARIO)
VALUES ('92604817351', 2, SYSDATE, '87654321021')
INSERT INTO PEDE(CPF_HOSPEDE, COD_SERVICOS_ADICIONAIS, INSTANTE, CPF_FUNCIONARIO)
VALUES ('84061327954', 3, SYSDATE, '87654321012')
INSERT INTO PEDE(CPF_HOSPEDE, COD_SERVICOS_ADICIONAIS, INSTANTE, CPF_FUNCIONARIO)
VALUES ('18735692034', 4, SYSDATE, '21098765478')
INSERT INTO PEDE(CPF_HOSPEDE, COD_SERVICOS_ADICIONAIS, INSTANTE, CPF_FUNCIONARIO)
VALUES ('97402631857', 5, SYSDATE, '21098765478')

INSERT INTO RESPONSAVEL_PAGA_HOSPEDAGEM(CPF_HOSPEDE, COD_HOSPEDAGENS)
VALUES ('58170439265', 1);
INSERT INTO RESPONSAVEL_PAGA_HOSPEDAGEM(CPF_HOSPEDE, COD_HOSPEDAGENS, COD_PROMOCAO)
VALUES ('58170439265', 3, 1);
INSERT INTO RESPONSAVEL_PAGA_HOSPEDAGEM(CPF_HOSPEDE, COD_HOSPEDAGENS)
VALUES ('84061327954', 1);
INSERT INTO RESPONSAVEL_PAGA_HOSPEDAGEM(CPF_HOSPEDE, COD_HOSPEDAGENS, COD_PROMOCAO)
VALUES ('92604817351', 4, 2);
INSERT INTO RESPONSAVEL_PAGA_HOSPEDAGEM(CPF_HOSPEDE, COD_HOSPEDAGENS)
VALUES ('18735692034', 4);
INSERT INTO RESPONSAVEL_PAGA_HOSPEDAGEM(CPF_HOSPEDE, COD_HOSPEDAGENS)
VALUES ('97402631857', 5);
INSERT INTO RESPONSAVEL_PAGA_HOSPEDAGEM(CPF_HOSPEDE, COD_HOSPEDAGENS, COD_PROMOCAO)
VALUES ('36524907183', 6, 3);
INSERT INTO RESPONSAVEL_PAGA_HOSPEDAGEM(CPF_HOSPEDE, COD_HOSPEDAGENS, COD_PROMOCAO)
VALUES ('25793014678', 8, 5);
