INSERT INTO HOSPEDE(CPF_HOSPEDE, NOME_HOSPEDE)
VALUES ('28469531247', 'ANA');
INSERT INTO HOSPEDE(CPF_HOSPEDE, NOME_HOSPEDE)
VALUES ('56973142806', 'PEDRO');
INSERT INTO HOSPEDE(CPF_HOSPEDE, NOME_HOSPEDE)
VALUES ('81324795602', 'MARIA');
INSERT INTO HOSPEDE(CPF_HOSPEDE, NOME_HOSPEDE)
VALUES ('81322245602', 'JOÃO');
INSERT INTO HOSPEDE(CPF_HOSPEDE, NOME_HOSPEDE)
VALUES ('17539682400', 'CARLA');
INSERT INTO HOSPEDE(CPF_HOSPEDE, NOME_HOSPEDE)
VALUES ('42086537198', 'LUCAS');
INSERT INTO HOSPEDE(CPF_HOSPEDE, NOME_HOSPEDE)
VALUES ('93725810643', 'JULIA');
INSERT INTO HOSPEDE(CPF_HOSPEDE, NOME_HOSPEDE)
VALUES ('65841372905', 'MATEUS');
INSERT INTO HOSPEDE(CPF_HOSPEDE, NOME_HOSPEDE)
VALUES ('82047319685', 'ANTONIO');
INSERT INTO HOSPEDE(CPF_HOSPEDE, NOME_HOSPEDE)
VALUES ('36429751800', 'AMANDA');

INSERT INTO HOTEL(COD_HOTEL, NUM_HOTEL, CEP_HOTEL)
VALUES (SEQ_HOTEL.nextval, 1, '12345678');
INSERT INTO HOTEL(COD_HOTEL, NUM_HOTEL, CEP_HOTEL)
VALUES (SEQ_HOTEL.nextval, 2, '87654321');
INSERT INTO HOTEL(COD_HOTEL, NUM_HOTEL, CEP_HOTEL)
VALUES (SEQ_HOTEL.nextval, 3, '23456789');
INSERT INTO HOTEL(COD_HOTEL, NUM_HOTEL, CEP_HOTEL)
VALUES (SEQ_HOTEL.nextval, 4, '98765432');
INSERT INTO HOTEL(COD_HOTEL, NUM_HOTEL, CEP_HOTEL)
VALUES (SEQ_HOTEL.nextval, 5, '34567891');
INSERT INTO HOTEL(COD_HOTEL, NUM_HOTEL, CEP_HOTEL)
VALUES (SEQ_HOTEL.nextval, 6, '87651234');
INSERT INTO HOTEL(COD_HOTEL, NUM_HOTEL, CEP_HOTEL)
VALUES (SEQ_HOTEL.nextval, 7, '45678901');
INSERT INTO HOTEL(COD_HOTEL, NUM_HOTEL, CEP_HOTEL)
VALUES (SEQ_HOTEL.nextval, 8, '98764321');
INSERT INTO HOTEL(COD_HOTEL, NUM_HOTEL, CEP_HOTEL)
VALUES (SEQ_HOTEL.nextval, 9, '56781234');
INSERT INTO HOTEL(COD_HOTEL, NUM_HOTEL, CEP_HOTEL)
VALUES (SEQ_HOTEL.nextval, 10, '98762134');
INSERT INTO HOTEL(COD_HOTEL, NUM_HOTEL, CEP_HOTEL)
VALUES (SEQ_HOTEL.nextval, 11, '67894512');
INSERT INTO HOTEL(COD_HOTEL, NUM_HOTEL, CEP_HOTEL)
VALUES (SEQ_HOTEL.nextval, 12, '98762345');
INSERT INTO HOTEL(COD_HOTEL, NUM_HOTEL, CEP_HOTEL)
VALUES (SEQ_HOTEL.nextval, 13, '78123456');
INSERT INTO HOTEL(COD_HOTEL, NUM_HOTEL, CEP_HOTEL)
VALUES (SEQ_HOTEL.nextval, 14, '98763412');
INSERT INTO HOTEL(COD_HOTEL, NUM_HOTEL, CEP_HOTEL)
VALUES (SEQ_HOTEL.nextval, 15, '81234567');
INSERT INTO HOTEL(COD_HOTEL, NUM_HOTEL, CEP_HOTEL)
VALUES (SEQ_HOTEL.nextval, 16, '98765432');
INSERT INTO HOTEL(COD_HOTEL, NUM_HOTEL, CEP_HOTEL)
VALUES (SEQ_HOTEL.nextval, 17, '12348765');
INSERT INTO HOTEL(COD_HOTEL, NUM_HOTEL, CEP_HOTEL)
VALUES (SEQ_HOTEL.nextval, 18, '98765123');
INSERT INTO HOTEL(COD_HOTEL, NUM_HOTEL, CEP_HOTEL)
VALUES (SEQ_HOTEL.nextval, 19, '23456789');
INSERT INTO HOTEL(COD_HOTEL, NUM_HOTEL, CEP_HOTEL)
VALUES (SEQ_HOTEL.nextval, 20, '98765412');

INSERT INTO FLAT(COD_HOTEL, NUM_FLAT, STATUS_FLAT)
VALUES (1, 1, 'Ocupado');
INSERT INTO FLAT(COD_HOTEL, NUM_FLAT, STATUS_FLAT)
VALUES (1, 2, 'Disponível');
INSERT INTO FLAT(COD_HOTEL, NUM_FLAT, STATUS_FLAT)
VALUES (1, 3, 'Disponível');
INSERT INTO FLAT(COD_HOTEL, NUM_FLAT, STATUS_FLAT)
VALUES (2, 4, 'Ocupado');
INSERT INTO FLAT(COD_HOTEL, NUM_FLAT, STATUS_FLAT)
VALUES (2, 5, 'Disponível');
INSERT INTO FLAT(COD_HOTEL, NUM_FLAT, STATUS_FLAT)
VALUES (2, 6, 'Ocupado');
INSERT INTO FLAT(COD_HOTEL, NUM_FLAT, STATUS_FLAT)
VALUES (3, 7, 'Disponível');
INSERT INTO FLAT(COD_HOTEL, NUM_FLAT, STATUS_FLAT)
VALUES (3, 8, 'Ocupado');
INSERT INTO FLAT(COD_HOTEL, NUM_FLAT, STATUS_FLAT)
VALUES (3, 9, 'Disponível');
INSERT INTO FLAT(COD_HOTEL, NUM_FLAT, STATUS_FLAT)
VALUES (4, 10, 'Ocupado');
INSERT INTO FLAT(COD_HOTEL, NUM_FLAT, STATUS_FLAT)
VALUES (4, 11, 'Disponível');
INSERT INTO FLAT(COD_HOTEL, NUM_FLAT, STATUS_FLAT)
VALUES (4, 12, 'Ocupado');
INSERT INTO FLAT(COD_HOTEL, NUM_FLAT, STATUS_FLAT)
VALUES (5, 13, 'Disponível');
INSERT INTO FLAT(COD_HOTEL, NUM_FLAT, STATUS_FLAT)
VALUES (5, 14, 'Ocupado');
INSERT INTO FLAT(COD_HOTEL, NUM_FLAT, STATUS_FLAT)
VALUES (6, 15, 'Disponível');
INSERT INTO FLAT(COD_HOTEL, NUM_FLAT, STATUS_FLAT)
VALUES (6, 16, 'Ocupado');
INSERT INTO FLAT(COD_HOTEL, NUM_FLAT, STATUS_FLAT)
VALUES (7, 17, 'Disponível');
INSERT INTO FLAT(COD_HOTEL, NUM_FLAT, STATUS_FLAT)
VALUES (7, 18, 'Ocupado');
INSERT INTO FLAT(COD_HOTEL, NUM_FLAT, STATUS_FLAT)
VALUES (8, 19, 'Disponível');
INSERT INTO FLAT(COD_HOTEL, NUM_FLAT, STATUS_FLAT)
VALUES (8, 20, 'Ocupado');

INSERT INTO SERVICOS_ADICIONAIS(COD_SERVICOS_ADICIONAIS, CUSTO_ADICIONAL)
VALUES (SEQ_SERVICOS_ADICIONAIS.nextval, 'Café da Manhã Buffet', '200');
INSERT INTO SERVICOS_ADICIONAIS(COD_SERVICOS_ADICIONAIS, CUSTO_ADICIONAL)
VALUES (SEQ_SERVICOS_ADICIONAIS.nextval, 'Serviço de Quarto', '300');
INSERT INTO SERVICOS_ADICIONAIS(COD_SERVICOS_ADICIONAIS, CUSTO_ADICIONAL)
VALUES (SEQ_SERVICOS_ADICIONAIS.nextval, 'Lavanderia', '150');
INSERT INTO SERVICOS_ADICIONAIS(COD_SERVICOS_ADICIONAIS, CUSTO_ADICIONAL)
VALUES (SEQ_SERVICOS_ADICIONAIS.nextval, 'Transferência', '100');
INSERT INTO SERVICOS_ADICIONAIS(COD_SERVICOS_ADICIONAIS, CUSTO_ADICIONAL)
VALUES (SEQ_SERVICOS_ADICIONAIS.nextval, 'Piscina', '50');
INSERT INTO SERVICOS_ADICIONAIS(COD_SERVICOS_ADICIONAIS, CUSTO_ADICIONAL)
VALUES (SEQ_SERVICOS_ADICIONAIS.nextval, 'Estacionamento', '50');
INSERT INTO SERVICOS_ADICIONAIS(COD_SERVICOS_ADICIONAIS, CUSTO_ADICIONAL)
VALUES (SEQ_SERVICOS_ADICIONAIS.nextval, 'Wi-Fi Gratuito', '20');
INSERT INTO SERVICOS_ADICIONAIS(COD_SERVICOS_ADICIONAIS, CUSTO_ADICIONAL)
VALUES (SEQ_SERVICOS_ADICIONAIS.nextval, 'Concierge', '300');
INSERT INTO SERVICOS_ADICIONAIS(COD_SERVICOS_ADICIONAIS, CUSTO_ADICIONAL)
VALUES (SEQ_SERVICOS_ADICIONAIS.nextval, 'Spa', '400');
INSERT INTO SERVICOS_ADICIONAIS(COD_SERVICOS_ADICIONAIS, CUSTO_ADICIONAL)
VALUES (SEQ_SERVICOS_ADICIONAIS.nextval, 'Academia', '200');
INSERT INTO SERVICOS_ADICIONAIS(COD_SERVICOS_ADICIONAIS, CUSTO_ADICIONAL)
VALUES (SEQ_SERVICOS_ADICIONAIS.nextval, 'Serviço de Babá', '250');
INSERT INTO SERVICOS_ADICIONAIS(COD_SERVICOS_ADICIONAIS, CUSTO_ADICIONAL)
VALUES (SEQ_SERVICOS_ADICIONAIS.nextval, 'Centro de Negócios', '150');
INSERT INTO SERVICOS_ADICIONAIS(COD_SERVICOS_ADICIONAIS, CUSTO_ADICIONAL)
VALUES (SEQ_SERVICOS_ADICIONAIS.nextval, 'Cofre', '50');
INSERT INTO SERVICOS_ADICIONAIS(COD_SERVICOS_ADICIONAIS, CUSTO_ADICIONAL)
VALUES (SEQ_SERVICOS_ADICIONAIS.nextval, 'Jornal Diário', '10');
INSERT INTO SERVICOS_ADICIONAIS(COD_SERVICOS_ADICIONAIS, CUSTO_ADICIONAL)
VALUES (SEQ_SERVICOS_ADICIONAIS.nextval, 'Serviço de Depósito de Bagagem', '50');
INSERT INTO SERVICOS_ADICIONAIS(COD_SERVICOS_ADICIONAIS, CUSTO_ADICIONAL)
VALUES (SEQ_SERVICOS_ADICIONAIS.nextval, 'Serviço de despertar', '10');
INSERT INTO SERVICOS_ADICIONAIS(COD_SERVICOS_ADICIONAIS, CUSTO_ADICIONAL)
VALUES (SEQ_SERVICOS_ADICIONAIS.nextval, 'Bar/Lounge', '100');
INSERT INTO SERVICOS_ADICIONAIS(COD_SERVICOS_ADICIONAIS, CUSTO_ADICIONAL)
VALUES (SEQ_SERVICOS_ADICIONAIS.nextval, 'Serviço de Shuttle', '200');
INSERT INTO SERVICOS_ADICIONAIS(COD_SERVICOS_ADICIONAIS, CUSTO_ADICIONAL)
VALUES (SEQ_SERVICOS_ADICIONAIS.nextval, 'Aluguel de Bicicletas', '50');
INSERT INTO SERVICOS_ADICIONAIS(COD_SERVICOS_ADICIONAIS, CUSTO_ADICIONAL)
VALUES (SEQ_SERVICOS_ADICIONAIS.nextval, 'Serviço de Tour', '300');

INSERT INTO FUNCIONARIO(CPF_FUNCIONARIO, NOME_FUNCIONARIO, CARGO_FUNCIONARIO, CPF_CHEFE, COD_HOTEL)
VALUES ('98765432101', 'João', 'Recepcionista','76543210923', 1);
INSERT INTO FUNCIONARIO(CPF_FUNCIONARIO, NOME_FUNCIONARIO, CARGO_FUNCIONARIO, CPF_CHEFE, COD_HOTEL)
VALUES ('87654321012', 'Maria', 'Ajudante', '76543210923', 1);
INSERT INTO FUNCIONARIO(CPF_FUNCIONARIO, NOME_FUNCIONARIO, CARGO_FUNCIONARIO, COD_HOTEL)
VALUES ('76543210923', 'Pedro', 'Chefe', 1);
INSERT INTO FUNCIONARIO(CPF_FUNCIONARIO, NOME_FUNCIONARIO, CARGO_FUNCIONARIO, CPF_CHEFE, COD_HOTEL)
VALUES ('65432109834', 'Ana', 'Segurança', '76543210923', 1);
INSERT INTO FUNCIONARIO(CPF_FUNCIONARIO, NOME_FUNCIONARIO, CARGO_FUNCIONARIO, CPF_CHEFE, COD_HOTEL)
VALUES ('54321098745', 'Carlos', 'Recepcionista', '76543210923', 1);
INSERT INTO FUNCIONARIO(CPF_FUNCIONARIO, NOME_FUNCIONARIO, CARGO_FUNCIONARIO, CPF_CHEFE, COD_HOTEL)
VALUES ('43210987656', 'Mariana', 'Recepcionista', '76543210923', 1);
INSERT INTO FUNCIONARIO(CPF_FUNCIONARIO, NOME_FUNCIONARIO, CARGO_FUNCIONARIO, CPF_CHEFE, COD_HOTEL)
VALUES ('32109876567', 'José', 'Ajudante', '10987654389', 2);
INSERT INTO FUNCIONARIO(CPF_FUNCIONARIO, NOME_FUNCIONARIO, CARGO_FUNCIONARIO, CPF_CHEFE, COD_HOTEL)
VALUES ('21098765478', 'Marta', 'Recepcionista', '10987654389', 2);
INSERT INTO FUNCIONARIO(CPF_FUNCIONARIO, NOME_FUNCIONARIO, CARGO_FUNCIONARIO, COD_HOTEL)
VALUES ('10987654389', 'André', 'Chefe', 2);
INSERT INTO FUNCIONARIO(CPF_FUNCIONARIO, NOME_FUNCIONARIO, CARGO_FUNCIONARIO, CPF_CHEFE, COD_HOTEL)
VALUES ('98765432110', 'Sofia', 'Recepcionista', '10987654389', 2);
INSERT INTO FUNCIONARIO(CPF_FUNCIONARIO, NOME_FUNCIONARIO, CARGO_FUNCIONARIO, CPF_CHEFE, COD_HOTEL)
VALUES ('87654321021', 'Rafael', 'Ajudante', '10987654389', 2);
INSERT INTO FUNCIONARIO(CPF_FUNCIONARIO, NOME_FUNCIONARIO, CARGO_FUNCIONARIO, CPF_CHEFE, COD_HOTEL)
VALUES ('76543210932', 'Carolina', 'Recepcionista', '10987654389', 2);
INSERT INTO FUNCIONARIO(CPF_FUNCIONARIO, NOME_FUNCIONARIO, CARGO_FUNCIONARIO, CPF_CHEFE, COD_HOTEL)
VALUES ('65432109843', 'Daniel', 'Ajudante', '87654321022', 3);
INSERT INTO FUNCIONARIO(CPF_FUNCIONARIO, NOME_FUNCIONARIO, CARGO_FUNCIONARIO, CPF_CHEFE, COD_HOTEL)
VALUES ('54321098754', 'Laura', 'Recepcionista', '87654321022', 3);
INSERT INTO FUNCIONARIO(CPF_FUNCIONARIO, NOME_FUNCIONARIO, CARGO_FUNCIONARIO, CPF_CHEFE, COD_HOTEL)
VALUES ('43210987665', 'Tiago', 'Zelador', '87654321022', 3);
INSERT INTO FUNCIONARIO(CPF_FUNCIONARIO, NOME_FUNCIONARIO, CARGO_FUNCIONARIO, CPF_CHEFE, COD_HOTEL)
VALUES ('32109876576', 'Beatriz', 'Zelador', '87654321022', 3);
INSERT INTO FUNCIONARIO(CPF_FUNCIONARIO, NOME_FUNCIONARIO, CARGO_FUNCIONARIO, CPF_CHEFE, COD_HOTEL)
VALUES ('21098765487', 'Hugo', 'Recepcionista', '87654321022', 3);
INSERT INTO FUNCIONARIO(CPF_FUNCIONARIO, NOME_FUNCIONARIO, CARGO_FUNCIONARIO, CPF_CHEFE, COD_HOTEL)
VALUES ('10987654398', 'Carla', 'Ajudante', '87654321022', 3);
INSERT INTO FUNCIONARIO(CPF_FUNCIONARIO, NOME_FUNCIONARIO, CARGO_FUNCIONARIO, CPF_CHEFE, COD_HOTEL)
VALUES ('98765432111', 'Guilherme', 'Recepcionista', '87654321022', 3);
INSERT INTO FUNCIONARIO(CPF_FUNCIONARIO, NOME_FUNCIONARIO, CARGO_FUNCIONARIO, COD_HOTEL)
VALUES ('87654321022', 'Isabel', 'Chefe', 3);

INSERT INTO CRACHA(MAT_CRACHA, DT_EMISSAO_CRACHA, CPF_FUNCIONARIO)
VALUES (SEQ_CRACHA.nextval, TO_DATE('14/02/1993', 'DD/MM/YYYY'), '54321098745');
INSERT INTO CRACHA(MAT_CRACHA, DT_EMISSAO_CRACHA, CPF_FUNCIONARIO)
VALUES (SEQ_CRACHA.nextval, TO_DATE('15/03/1994', 'DD/MM/YYYY'), '76543210923');
INSERT INTO CRACHA(MAT_CRACHA, DT_EMISSAO_CRACHA, CPF_FUNCIONARIO)
VALUES (SEQ_CRACHA.nextval, TO_DATE('16/04/1995', 'DD/MM/YYYY'), '65432109834');
INSERT INTO CRACHA(MAT_CRACHA, DT_EMISSAO_CRACHA, CPF_FUNCIONARIO)
VALUES (SEQ_CRACHA.nextval, TO_DATE('17/05/1996', 'DD/MM/YYYY'), '43210987656');
INSERT INTO CRACHA(MAT_CRACHA, DT_EMISSAO_CRACHA, CPF_FUNCIONARIO)
VALUES (SEQ_CRACHA.nextval, TO_DATE('18/06/1997', 'DD/MM/YYYY'), '10987654389');
INSERT INTO CRACHA(MAT_CRACHA, DT_EMISSAO_CRACHA, CPF_FUNCIONARIO)
VALUES (SEQ_CRACHA.nextval, TO_DATE('19/07/1998', 'DD/MM/YYYY'), '98765432110');
INSERT INTO CRACHA(MAT_CRACHA, DT_EMISSAO_CRACHA, CPF_FUNCIONARIO)
VALUES (SEQ_CRACHA.nextval, TO_DATE('20/08/1999', 'DD/MM/YYYY'), '87654321021');


INSERT INTO PROMOCAO(COD_PROMOCAO, DESCONTO)
VALUES (SEQ_PROMOCAO.nextval, '100')
INSERT INTO PROMOCAO(COD_PROMOCAO, DESCONTO)
VALUES (SEQ_PROMOCAO.nextval, '45')
INSERT INTO PROMOCAO(COD_PROMOCAO, DESCONTO)
VALUES (SEQ_PROMOCAO.nextval, '12')
INSERT INTO PROMOCAO(COD_PROMOCAO, DESCONTO)
VALUES (SEQ_PROMOCAO.nextval, '77')
INSERT INTO PROMOCAO(COD_PROMOCAO, DESCONTO)
VALUES (SEQ_PROMOCAO.nextval, '34')
INSERT INTO PROMOCAO(COD_PROMOCAO, DESCONTO)
VALUES (SEQ_PROMOCAO.nextval, '56')
INSERT INTO PROMOCAO(COD_PROMOCAO, DESCONTO)
VALUES (SEQ_PROMOCAO.nextval, '8')
INSERT INTO PROMOCAO(COD_PROMOCAO, DESCONTO)
VALUES (SEQ_PROMOCAO.nextval, '62')
INSERT INTO PROMOCAO(COD_PROMOCAO, DESCONTO)
VALUES (SEQ_PROMOCAO.nextval, '19')
INSERT INTO PROMOCAO(COD_PROMOCAO, DESCONTO)
VALUES (SEQ_PROMOCAO.nextval, '73')
INSERT INTO PROMOCAO(COD_PROMOCAO, DESCONTO)
VALUES (SEQ_PROMOCAO.nextval, '28')
INSERT INTO PROMOCAO(COD_PROMOCAO, DESCONTO)
VALUES (SEQ_PROMOCAO.nextval, '51')
INSERT INTO PROMOCAO(COD_PROMOCAO, DESCONTO)
VALUES (SEQ_PROMOCAO.nextval, '5')
INSERT INTO PROMOCAO(COD_PROMOCAO, DESCONTO)
VALUES (SEQ_PROMOCAO.nextval, '67')
INSERT INTO PROMOCAO(COD_PROMOCAO, DESCONTO)
VALUES (SEQ_PROMOCAO.nextval, '39')
INSERT INTO PROMOCAO(COD_PROMOCAO, DESCONTO)
VALUES (SEQ_PROMOCAO.nextval, '14')
INSERT INTO PROMOCAO(COD_PROMOCAO, DESCONTO)
VALUES (SEQ_PROMOCAO.nextval, '71')
INSERT INTO PROMOCAO(COD_PROMOCAO, DESCONTO)
VALUES (SEQ_PROMOCAO.nextval, '32')
INSERT INTO PROMOCAO(COD_PROMOCAO, DESCONTO)
VALUES (SEQ_PROMOCAO.nextval, '60')
INSERT INTO PROMOCAO(COD_PROMOCAO, DESCONTO)
VALUES (SEQ_PROMOCAO.nextval, '25')

INSERT INTO TELEFONE_HOSPEDES(CPF_HOSPEDE, NUM_TELEFONE_HOSPEDE)
VALUES ('28469531247', '081972581439')
INSERT INTO TELEFONE_HOSPEDES(CPF_HOSPEDE, NUM_TELEFONE_HOSPEDE)
VALUES ('28469531247', '081936904285')
INSERT INTO TELEFONE_HOSPEDES(CPF_HOSPEDE, NUM_TELEFONE_HOSPEDE)
VALUES ('28469531247', '081950893726')
INSERT INTO TELEFONE_HOSPEDES(CPF_HOSPEDE, NUM_TELEFONE_HOSPEDE)
VALUES ('28469531247', '081961742083')
INSERT INTO TELEFONE_HOSPEDES(CPF_HOSPEDE, NUM_TELEFONE_HOSPEDE)
VALUES ('56973142806', '081989436501')
INSERT INTO TELEFONE_HOSPEDES(CPF_HOSPEDE, NUM_TELEFONE_HOSPEDE)
VALUES ('56973142806', '081913285790')
INSERT INTO TELEFONE_HOSPEDES(CPF_HOSPEDE, NUM_TELEFONE_HOSPEDE)
VALUES ('81324795602', '081946029875')
INSERT INTO TELEFONE_HOSPEDES(CPF_HOSPEDE, NUM_TELEFONE_HOSPEDE)
VALUES ('81324795602', '081998357204')
INSERT INTO TELEFONE_HOSPEDES(CPF_HOSPEDE, NUM_TELEFONE_HOSPEDE)
VALUES ('81324795602', '081924780963')
INSERT INTO TELEFONE_HOSPEDES(CPF_HOSPEDE, NUM_TELEFONE_HOSPEDE)
VALUES ('65841372905', '081924780963')

INSERT INTO RESPONSAVEL(CPF_HOSPEDE, CONTA_RESPONSAVEL)
VALUES ('58170439265', '1234567890');
INSERT INTO RESPONSAVEL(CPF_HOSPEDE, CONTA_RESPONSAVEL)
VALUES ('92604817351', '9876543210');
INSERT INTO RESPONSAVEL(CPF_HOSPEDE, CONTA_RESPONSAVEL)
VALUES ('73916284050', '2468013579');
INSERT INTO RESPONSAVEL(CPF_HOSPEDE, CONTA_RESPONSAVEL)
VALUES ('10597248361', '1357924680');
INSERT INTO RESPONSAVEL(CPF_HOSPEDE, CONTA_RESPONSAVEL)
VALUES ('48263719504', '8642097531');
INSERT INTO RESPONSAVEL(CPF_HOSPEDE, CONTA_RESPONSAVEL)
VALUES ('25793014678', '5793124680');
INSERT INTO RESPONSAVEL(CPF_HOSPEDE, CONTA_RESPONSAVEL)
VALUES ('84061327954', '1029384756');
INSERT INTO RESPONSAVEL(CPF_HOSPEDE, CONTA_RESPONSAVEL)
VALUES ('36524907183', '5678901234');
INSERT INTO RESPONSAVEL(CPF_HOSPEDE, CONTA_RESPONSAVEL)
VALUES ('97402631857', '2345678901');
INSERT INTO RESPONSAVEL(CPF_HOSPEDE, CONTA_RESPONSAVEL)
VALUES ('18735692034', '9012345678');

INSERT INTO HOSPEDAGEM(COD_HOSPEDAGENS, COD_HOTEL, NUM_FLAT, DT_INIC, DT_FIM)
VALUES (SEQ_HOSPEDAGENS.nextval, 1, 1, 0TO_DATE('1/04/2024,', 'DD/MM/YYYY') 1TO_DATE('0/04/2024)', 'DD/MM/YYYY')
INSERT INTO HOSPEDAGEM(COD_HOSPEDAGENS, COD_HOTEL, NUM_FLAT, DT_INIC, DT_FIM)
VALUES (SEQ_HOSPEDAGENS.nextval, 1, 1, 1TO_DATE('5/04/2024,', 'DD/MM/YYYY') 2TO_DATE('5/04/2024)', 'DD/MM/YYYY')
INSERT INTO HOSPEDAGEM(COD_HOSPEDAGENS, COD_HOTEL, NUM_FLAT, DT_INIC, DT_FIM)
VALUES (SEQ_HOSPEDAGENS.nextval, 1, 2, 0TO_DATE('3/05/2024,', 'DD/MM/YYYY') 1TO_DATE('3/05/2024)', 'DD/MM/YYYY')
INSERT INTO HOSPEDAGEM(COD_HOSPEDAGENS, COD_HOTEL, NUM_FLAT, DT_INIC, DT_FIM)
VALUES (SEQ_HOSPEDAGENS.nextval, 2, 4, 2TO_DATE('0/05/2024,', 'DD/MM/YYYY') 3TO_DATE('0/05/2024)', 'DD/MM/YYYY')
INSERT INTO HOSPEDAGEM(COD_HOSPEDAGENS, COD_HOTEL, NUM_FLAT, DT_INIC, DT_FIM)
VALUES (SEQ_HOSPEDAGENS.nextval, 2, 4, 0TO_DATE('5/06/2024,', 'DD/MM/YYYY') 1TO_DATE('5/06/2024)', 'DD/MM/YYYY')
INSERT INTO HOSPEDAGEM(COD_HOSPEDAGENS, COD_HOTEL, NUM_FLAT, DT_INIC, DT_FIM)
VALUES (SEQ_HOSPEDAGENS.nextval, 2, 4, 2TO_DATE('0/06/2024,', 'DD/MM/YYYY') 3TO_DATE('0/06/2024)', 'DD/MM/YYYY')
INSERT INTO HOSPEDAGEM(COD_HOSPEDAGENS, COD_HOTEL, NUM_FLAT, DT_INIC, DT_FIM)
VALUES (SEQ_HOSPEDAGENS.nextval, 3, 6, 0TO_DATE('8/07/2024,', 'DD/MM/YYYY') 1TO_DATE('8/07/2024)', 'DD/MM/YYYY')
INSERT INTO HOSPEDAGEM(COD_HOSPEDAGENS, COD_HOTEL, NUM_FLAT, DT_INIC, DT_FIM)
VALUES (SEQ_HOSPEDAGENS.nextval, 4, 10, TO_DATE('23/07/2024', 'DD/MM/YYYY'), TO_DATE('02/08/2024', 'DD/MM/YYYY'))
INSERT INTO HOSPEDAGEM(COD_HOSPEDAGENS, COD_HOTEL, NUM_FLAT, DT_INIC, DT_FIM)
VALUES (SEQ_HOSPEDAGENS.nextval, 4, 11, TO_DATE('10/08/2024', 'DD/MM/YYYY'), TO_DATE('20/08/2024', 'DD/MM/YYYY'))
INSERT INTO HOSPEDAGEM(COD_HOSPEDAGENS, COD_HOTEL, NUM_FLAT, DT_INIC, DT_FIM)
VALUES (SEQ_HOSPEDAGENS.nextval, 5, 15, TO_DATE('25/08/2024', 'DD/MM/YYYY'), TO_DATE('04/09/2024', 'DD/MM/YYYY'))

INSERT INTO TELEFONE_HOSPEDES(CPF_HOSPEDE, NUM_TELEFONE_HOSPEDE)
VALUES ('28469531247', '972581439');
INSERT INTO TELEFONE_HOSPEDES(CPF_HOSPEDE, NUM_TELEFONE_HOSPEDE)
VALUES ('28469531247', '936904285');
INSERT INTO TELEFONE_HOSPEDES(CPF_HOSPEDE, NUM_TELEFONE_HOSPEDE)
VALUES ('28469531247', '950893726');
INSERT INTO TELEFONE_HOSPEDES(CPF_HOSPEDE, NUM_TELEFONE_HOSPEDE)
VALUES ('28469531247', '961742083');
INSERT INTO TELEFONE_HOSPEDES(CPF_HOSPEDE, NUM_TELEFONE_HOSPEDE)
VALUES ('56973142806', '989436501');
INSERT INTO TELEFONE_HOSPEDES(CPF_HOSPEDE, NUM_TELEFONE_HOSPEDE)
VALUES ('56973142806', '913285790');
INSERT INTO TELEFONE_HOSPEDES(CPF_HOSPEDE, NUM_TELEFONE_HOSPEDE)
VALUES ('81324795602', '946029875');
INSERT INTO TELEFONE_HOSPEDES(CPF_HOSPEDE, NUM_TELEFONE_HOSPEDE)
VALUES ('81324795602', '998357204');
INSERT INTO TELEFONE_HOSPEDES(CPF_HOSPEDE, NUM_TELEFONE_HOSPEDE)
VALUES ('81324795602', '924780963');
INSERT INTO TELEFONE_HOSPEDES(CPF_HOSPEDE, NUM_TELEFONE_HOSPEDE)
VALUES ('65841372905', '924780963');

INSERT INTO PEDE(CPF_HOSPEDE, COD_SERVICOS_ADICIONAIS, INSTANTE, CPF_FUNCIONARIO)
VALUES ('58170439265', 1, SYSDATE, '87654321012')
INSERT INTO PEDE(CPF_HOSPEDE, COD_SERVICOS_ADICIONAIS, INSTANTE, CPF_FUNCIONARIO)
VALUES ('92604817351', 1, SYSDATE, '87654321021')
INSERT INTO PEDE(CPF_HOSPEDE, COD_SERVICOS_ADICIONAIS, INSTANTE, CPF_FUNCIONARIO)
VALUES ('92604817351', 2, SYSDATE, '87654321021')
INSERT INTO PEDE(CPF_HOSPEDE, COD_SERVICOS_ADICIONAIS, INSTANTE, CPF_FUNCIONARIO)
VALUES ('84061327954', 3, SYSDATE, '87654321012')
INSERT INTO PEDE(CPF_HOSPEDE, COD_SERVICOS_ADICIONAIS, INSTANTE, CPF_FUNCIONARIO)
VALUES ('18735692034', 4, SYSDATE, '21098765478')
INSERT INTO PEDE(CPF_HOSPEDE, COD_SERVICOS_ADICIONAIS, INSTANTE, CPF_FUNCIONARIO)
VALUES ('97402631857', 5, SYSDATE, '21098765478')

INSERT INTO RESPONSAVEL_PAGA_HOSPEDAGEM(CPF_HOSPEDE, COD_HOSPEDAGENS)
VALUES ('58170439265', 1);
INSERT INTO RESPONSAVEL_PAGA_HOSPEDAGEM(CPF_HOSPEDE, COD_HOSPEDAGENS, COD_PROMOCAO)
VALUES ('58170439265', 3, 1);
INSERT INTO RESPONSAVEL_PAGA_HOSPEDAGEM(CPF_HOSPEDE, COD_HOSPEDAGENS)
VALUES ('84061327954', 1);
INSERT INTO RESPONSAVEL_PAGA_HOSPEDAGEM(CPF_HOSPEDE, COD_HOSPEDAGENS, COD_PROMOCAO)
VALUES ('92604817351', 4, 2);
INSERT INTO RESPONSAVEL_PAGA_HOSPEDAGEM(CPF_HOSPEDE, COD_HOSPEDAGENS)
VALUES ('18735692034', 4);
INSERT INTO RESPONSAVEL_PAGA_HOSPEDAGEM(CPF_HOSPEDE, COD_HOSPEDAGENS)
VALUES ('97402631857', 5);
INSERT INTO RESPONSAVEL_PAGA_HOSPEDAGEM(CPF_HOSPEDE, COD_HOSPEDAGENS, COD_PROMOCAO)
VALUES ('36524907183', 6, 3);
INSERT INTO RESPONSAVEL_PAGA_HOSPEDAGEM(CPF_HOSPEDE, COD_HOSPEDAGENS, COD_PROMOCAO)
VALUES ('25793014678', 8, 5);
